<?xml version="1.0" encoding="UTF-8"?>
<!DOCTYPE mapper PUBLIC "-//mybatis.org//DTD Mapper 3.0//EN" "http://mybatis.org/dtd/mybatis-3-mapper.dtd" >
<mapper namespace="myPageMapper">
  <resultMap type="member" id="member_rm">
	  	
	  	<id property="memberNo" column="MEMBER_NO"/>
		
		<result property="memberEmail" 		column="MEMBER_EMAIL"/>
		<result property="memberPw" 		column="MEMBER_PW"/>
		<result property="memberNickname" 	column="MEMBER_NICK"/>
		<result property="memberTel" 		column="MEMBER_TEL"/>
		<result property="memberAddress" 	column="MEMBER_ADDR"/>
		<result property="profileImage" 	column="PROFILE_IMG"/>
		<result property="enrollDate" 		column="ENROLL_DT"/>
		<result property="secessionFlag" 	column="SECESSION_FL"/>
	  	
	  </resultMap>
	  <update id="changePW">
	  	UPDATE MEMBER_S 
	  	SET MEMBER_PW = # {memberPw}
	  </update>
	  
	     <!-- 회원탈퇴 -->
	   <delete id="secession">
	DELETE FROM MEMBER_S
	WHERE MEMBER_EMAIL = #{memberEmail}
	  AND MEMBER_PW = #{memberPw}, 
	   MEMBER_NICK = #{memberNickname},
	   MEMBER_TEL = #{memberTel},
	   MEMBER_ADDR = #{memberPw},
	</delete>

	</mapper>